id	nom	ecole	description_actuelle
701	Arbre guérisseur	Invocation	Sort d'initié (Initié de la Nature). L'initié pénètre dans un arbre qui le nourrit et le soigne. [MJ de Faerûn]
688	Bouclier de Lathandre	Abjuration	Sort d'initié (Initié de Lathandre). La créature touchée gagne une réduction des dégâts (15/—) pendant 1 round. [MJ de Faerûn]
694	Bouclier magique	Abjuration	Sort d'initié (Initié de Mystra). Bonus de résistance de +3 aux jets de sauvegarde contre les sorts et les pouvoirs magiques. [MJ de Faerûn]
689	Bouclier suprême de Lathandre	Abjuration	Sort d'initié (Initié de Lathandre). Comme bouclier de Lathandre, mais RD (20/—), immunité à l'énergie négative et à l'absorption d'énergie, résistance 10 à l'acide, l'électricité, le feu, le froid et le son. [MJ de Faerûn]
430	Brise-pierre	Évocation	Démolit un objet ou une créature de pierre. [MJ de Faerûn]
691	Cerf spectral	Invocation	Sort d'initié (Initié de Malar). Invoque un cerf fantomatique qu'il est possible de monter ou de lancer à l'attaque. [MJ de Faerûn]
681	Compréhension d'objet	Divination	Sort d'initié (Initié de Gond). Bonus d'intuition égal au niveau de lanceur aux tests de Crochetage et Désamorçage/sabotage. [MJ de Faerûn]
680	Compétence divine	Transmutation	Sort d'initié (Initié de Gond). Bonus d'aptitude de +5 à un test de compétence, au maniement d'une arme ou d'un bouclier ou au port d'une armure. [MJ de Faerûn]
698	Contact de la moisissure	Invocation	Sort d'initié (Initié de la Nature). Crée une plaque de moisissure brune de 1,50 m de côté. [MJ de Faerûn]
442	Crachat aveuglant	Transmutation	Attaque de contact à distance : aveugle. [MJ de Faerûn]
677	Crâne des secrets	Illusion	Sort d'initié (Initié de Cyric). Crâne enflammé illusoire qui prononce un message et crache une flamme de 1d8 points de dégâts de feu/2 niveaux (max. 5d8). [MJ de Faerûn]
699	Enchevêtrement épineux	Transmutation	Sort d'initié (Initié de la Nature). Comme enchevêtrement, mais la cible subit chaque round 1d8 points de dégâts, +1/2 niveaux. [MJ de Faerûn]
690	Ennemi éternel de la non-vie	Abjuration	Sort d'initié (Initié de Lathandre). Confère aux sujets de nombreux avantages au combat contre les morts-vivants. [MJ de Faerûn]
421	Entrain	Transmutation	Le lanceur et ses alliés gagnent +3 m de vitesse et marchent 1 h de plus par jour et par niveau. [MJ de Faerûn]
676	Explosion de terreur	Nécromancie	Sort d'initié (Initié de Cyric). Rayon d'énergie négative : 4d8 points de dégâts, +1/niveau (max. +20), et hébète la cible 1 round. [MJ de Faerûn]
693	Force de la bête	Transmutation	Sort d'initié (Initié de Malar ou de Séluné). L'initié gagne les avantages de sa forme animale de lycanthrope quand il est sous forme humaine. [MJ de Faerûn]
671	Fouet mystique	Évocation	Sort d'initié (Initié de Baine). Fouet d'énergie : 1d6 points de dégâts d'électricité/3 niveaux (max. 4d6) et étourdit 1 round. [MJ de Faerûn]
568	Griffe de Caligarde	Évocation	Griffe : attaque un adversaire ou garde une zone. [MJ de Faerûn]
675	Griffe noire	Nécromancie	Sort d'initié (Initié de Cyric). Le bras devient une griffe : +1,50 m d'allonge, bonus de sainteté de +1/4 niveaux aux jets d'attaque ; 1d6 points de dégâts d'énergie négative/niveau (max. +10). [MJ de Faerûn]
441	Griffes de la bête	Transmutation	1d8 de dégâts à mains nues. [MJ de Faerûn]
687	Lever de soleil	Évocation	Sort d'initié (Initié de Lathandre). Une explosion de lumière aveugle et blesse les créatures. [MJ de Faerûn]
702	Main de feu	Évocation	Sort d'initié (Initié de Séluné). L'attaque de contact au corps à corps inflige 1d8 points de dégâts +1/niveau (max. +5) à une créature, ou 2d6 +1/niveau (max. +5) à un mort-vivant. [MJ de Faerûn]
696	Manteau magique	Abjuration	Sort d'initié (Initié de Mystra). Absorbe les sorts désignés et canalise leur énergie en soins ou en sorts prédéterminés. [MJ de Faerûn]
673	Marche des pierres	Transmutation	Sort d'initié (Initié de Baine). Lie deux pierres à des fins de téléportation. [MJ de Faerûn]
672	Marée guerrière	Nécromancie	Sort d'initié (Initié de Baine). Les cibles subissent −2 aux jets de sauvegarde, d'attaque et de dégâts des armes ; avantages conférés à l'initié. [MJ de Faerûn]
683	Masse d'Odo	Évocation	Sort d'initié (Initié de Heaum). Masse d'armes luisante : 1d6 points de dégâts de force/niveau (max. 10d6) et paralyse ; effets aggravés contre les morts-vivants. [MJ de Faerûn]
629	Miasmes de Mystra	Évocation	Brouillard dense : niveau de lanceur −4. [MJ de Faerûn]
703	Mur de clair de lune	Évocation	Sort d'initié (Initié de Séluné). Rideau lumineux : 4d12 points de dégâts aux morts-vivants, 2d10 aux créatures mauvaises et aux clergés de Shar et Umberlie ; illumine la zone et contre/dissipe les ténèbres. [MJ de Faerûn]
536	Mâchoires multiples	Évocation	1 mâchoire/niveau : 1d4 dégâts. [MJ de Faerûn]
674	Non-vie après la mort	Nécromancie	Sort d'initié (Initié de Baine). Inflige un affaiblissement temporaire de 2 points de CON et le sujet devient un rejeton des cryptes après sa mort. [MJ de Faerûn]
678	Orbite du crâne	Enchantement	Sort d'initié (Initié de Cyric). Confère une attaque de regard usant de charme-personne ou confusion. [MJ de Faerûn]
685	Pacte du martyr	Invocation	Sort d'initié (Initié d'Ilmater). L'initié échange ses points de vie avec ceux de la cible. [MJ de Faerûn]
695	Phylactère magique	Abjuration	Sort d'initié (Initié de Mystra). Active un sort de parchemin au moment où les conditions de déclenchement sont remplies. [MJ de Faerûn]
692	Possession animale	Nécromancie	Sort d'initié (Initié de Malar). L'initié possède un animal normal. [MJ de Faerûn]
700	Projection d'épines	Transmutation	Sort d'initié (Initié de la Nature). Les attaques à distance de l'initié infligent 1d6 points de dégâts/niveau (max. 20d6) répartis entre plusieurs cibles, qui deviennent fiévreuses. [MJ de Faerûn]
534	Remontrance de Nybor	Enchantement	Hébétée 1d4 rounds puis −2 ; distraite. [MJ de Faerûn]
686	Rose manteau	Abjuration	Sort d'initié (Initié de Lathandre). Bonus de sainteté de +1/niveau (max. +10) aux sauvegardes contre la douleur, la fièvre, la nausée et la terreur. [MJ de Faerûn]
682	Sens aux aguets	Divination	Sort d'initié (Initié de Heaum). Confère l'esquive instinctive et +4 d'intuition aux tests de Détection et Perception auditive. [MJ de Faerûn]
612	Séquenceur de la Simbule	Transmutation	Stocke et déclenche deux sorts ≤3e niveau (action libre). [MJ de Faerûn]
704	Toile de lune	Évocation	Sort d'initié (Initié de Séluné). Bouclier luisant : +8 à la CA, +4 aux jets de Réflexes, plus esquive extraordinaire. [MJ de Faerûn]
679	Triple masque	Illusion	Sort d'initié (Initié de Cyric). Crée trois reproductions d'ombre de l'initié. [MJ de Faerûn]
548	Veille du crâne	Nécromancie	Crâne hurleur : alarme de zone (cri assourdissant, Vigueur annule). [MJ de Faerûn]
453	Vision aveugle (sort)	Transmutation	Confère la vision aveugle sur 9 m pendant 1 min/niveau. [MJ de Faerûn]
670	Élu des morts-vivants	Nécromancie	Contrôle 5 fois plus de DV de morts-vivants. [MJ de Faerûn]
705	Épée et marteau	Évocation	Sort d'initié (Initié de Tyr). Comme arme spirituelle, mais crée une épée longue et un marteau de guerre d'énergie, +1 aux jets d'attaque et prise en tenaille automatique de l'adversaire. [MJ de Faerûn]
706	Épée et marteau suprêmes	Évocation	Sort d'initié (Initié de Tyr). Comme épée et marteau, mais chaque arme bénéficie de +2 aux jets d'attaque et du don Science du critique. [MJ de Faerûn]
697	Étoile bénie	Évocation	Sort d'initié (Initié de Mystra). Étoile luisante qui renvoie 1d6+3 niveaux de sort (comme renvoi des sorts), confère +10 de circonstances à la CA ou tire un éclair de 1d6 points de dégâts/2 niveaux. [MJ de Faerûn]
630	Œil de pouvoir	Invocation	Comme œil du mage + lance des sorts ≤3e niveau via l'œil. [MJ de Faerûn]
594	Œil prismatique	Évocation	Orbe : rayons prismatiques en attaques de contact. [MJ de Faerûn]
